"request__type","request__query","weather__date","weather__astronomy__sunrise","weather__astronomy__sunset","weather__astronomy__moonrise","weather__astronomy__moonset","weather__astronomy__moon_phase","weather__astronomy__moon_illumination","weather__maxtempC","weather__maxtempF","weather__mintempC","weather__mintempF","weather__avgtempC","weather__avgtempF","weather__totalSnow_cm","weather__sunHour","weather__uvIndex","weather__hourly__time","weather__hourly__tempC","weather__hourly__tempF","weather__hourly__windspeedMiles","weather__hourly__windspeedKmph","weather__hourly__winddirDegree","weather__hourly__winddir16Point","weather__hourly__weatherCode","weather__hourly__weatherIconUrl__value","weather__hourly__weatherDesc__value","weather__hourly__precipMM","weather__hourly__precipInches","weather__hourly__humidity","weather__hourly__visibility","weather__hourly__visibilityMiles","weather__hourly__pressure","weather__hourly__pressureInches","weather__hourly__cloudcover","weather__hourly__HeatIndexC","weather__hourly__HeatIndexF","weather__hourly__DewPointC","weather__hourly__DewPointF","weather__hourly__WindChillC","weather__hourly__WindChillF","weather__hourly__WindGustMiles","weather__hourly__WindGustKmph","weather__hourly__FeelsLikeC","weather__hourly__FeelsLikeF","weather__hourly__uvIndex"
"City","Stellenbosch, South Africa","2019-03-01","06:32 AM","07:22 PM","01:46 AM","04:17 PM","Waning Crescent","26","28","82","17","62","24","76","0.0","11.6","6","0","17","62","2","3","273","W","116","http://cdn.worldweatheronline.com/images/wsymbols01_png_64/wsymbol_0004_black_low_cloud.png","Partly cloudy","0.0","0.0","90","10","6","1017","31","40","17","62","15","59","17","62","4","6","17","62","1"
"","","","","","","","","","","","","","","","","","","300","17","62","1","2","245","WSW","116","http://cdn.worldweatheronline.com/images/wsymbols01_png_64/wsymbol_0004_black_low_cloud.png","Partly cloudy","0.0","0.0","93","10","6","1017","31","48","17","62","16","61","17","62","2","3","17","62","1"
"","","","","","","","","","","","","","","","","","","600","18","65","1","2","246","WSW","119","http://cdn.worldweatheronline.com/images/wsymbols01_png_64/wsymbol_0003_white_cloud.png","Cloudy","0.0","0.0","91","10","6","1017","31","62","18","65","17","62","18","65","1","2","18","65","1"
"","","","","","","","","","","","","","","","","","","900","21","70","3","5","212","SSW","116","http://cdn.worldweatheronline.com/images/wsymbols01_png_64/wsymbol_0002_sunny_intervals.png","Partly cloudy","0.0","0.0","77","10","6","1018","31","60","22","71","17","62","21","70","4","6","21","70","6"
"","","","","","","","","","","","","","","","","","","1200","25","77","6","10","213","SSW","116","http://cdn.worldweatheronline.com/images/wsymbols01_png_64/wsymbol_0002_sunny_intervals.png","Partly cloudy","0.0","0.0","56","10","6","1017","31","35","26","79","15","60","25","77","7","12","26","79","7"
"","","","","","","","","","","","","","","","","","","1500","27","81","8","13","212","SSW","116","http://cdn.worldweatheronline.com/images/wsymbols01_png_64/wsymbol_0002_sunny_intervals.png","Partly cloudy","0.0","0.0","46","10","6","1016","30","14","28","82","15","58","27","81","9","15","28","82","7"
"","","","","","","","","","","","","","","","","","","1800","25","78","8","13","198","SSW","116","http://cdn.worldweatheronline.com/images/wsymbols01_png_64/wsymbol_0004_black_low_cloud.png","Partly cloudy","0.0","0.0","56","10","6","1015","30","10","26","80","15","59","25","78","9","15","26","80","1"
"","","","","","","","","","","","","","","","","","","2100","22","71","6","9","174","S","116","http://cdn.worldweatheronline.com/images/wsymbols01_png_64/wsymbol_0004_black_low_cloud.png","Partly cloudy","0.0","0.0","75","10","6","1015","30","10","23","74","15","60","22","71","8","13","22","71","1"
"","","2019-03-02","06:33 AM","07:20 PM","02:36 AM","05:03 PM","Waning Crescent","19","28","83","17","62","25","77","0.0","11.6","7","0","19","66","5","8","153","SSE","116","http://cdn.worldweatheronline.com/images/wsymbols01_png_64/wsymbol_0004_black_low_cloud.png","Partly cloudy","0.0","0.0","81","10","6","1016","30","12","19","66","15","60","19","66","7","12","19","66","1"
"","","","","","","","","","","","","","","","","","","300","18","64","3","5","157","SSE","116","http://cdn.worldweatheronline.com/images/wsymbols01_png_64/wsymbol_0004_black_low_cloud.png","Partly cloudy","0.0","0.0","81","10","6","1015","30","17","18","64","15","58","18","64","5","8","18","64","1"
"","","","","","","","","","","","","","","","","","","600","18","64","1","1","193","SSW","116","http://cdn.worldweatheronline.com/images/wsymbols01_png_64/wsymbol_0004_black_low_cloud.png","Partly cloudy","0.0","0.0","76","10","6","1015","30","31","18","64","14","57","18","64","1","2","18","64","1"
"","","","","","","","","","","","","","","","","","","900","23","73","2","3","243","WSW","116","http://cdn.worldweatheronline.com/images/wsymbols01_png_64/wsymbol_0002_sunny_intervals.png","Partly cloudy","0.0","0.0","65","10","6","1016","30","38","23","73","16","60","23","73","2","4","23","73","6"
"","","","","","","","","","","","","","","","","","","1200","27","80","6","10","248","WSW","116","http://cdn.worldweatheronline.com/images/wsymbols01_png_64/wsymbol_0002_sunny_intervals.png","Partly cloudy","0.0","0.0","53","10","6","1016","30","32","28","82","16","61","27","80","7","12","28","82","7"
"","","","","","","","","","","","","","","","","","","1500","27","81","9","14","233","SW","116","http://cdn.worldweatheronline.com/images/wsymbols01_png_64/wsymbol_0002_sunny_intervals.png","Partly cloudy","0.0","0.0","50","10","6","1015","30","15","28","82","16","60","27","81","10","16","28","82","7"
"","","","","","","","","","","","","","","","","","","1800","24","76","8","13","207","SSW","116","http://cdn.worldweatheronline.com/images/wsymbols01_png_64/wsymbol_0004_black_low_cloud.png","Partly cloudy","0.0","0.0","64","10","6","1015","30","6","26","79","16","60","24","76","10","17","26","79","1"
"","","","","","","","","","","","","","","","","","","2100","22","71","5","8","168","SSE","116","http://cdn.worldweatheronline.com/images/wsymbols01_png_64/wsymbol_0004_black_low_cloud.png","Partly cloudy","0.0","0.0","84","10","6","1016","30","7","25","76","17","62","22","71","9","14","22","71","1"
"","","2019-03-03","06:34 AM","07:19 PM","03:29 AM","05:45 PM","Waning Crescent","12","29","83","17","63","25","78","0.0","11.6","7","0","20","67","4","7","139","SE","116","http://cdn.worldweatheronline.com/images/wsymbols01_png_64/wsymbol_0004_black_low_cloud.png","Partly cloudy","0.0","0.0","86","10","6","1016","30","5","20","67","17","63","20","67","6","10","20","67","1"
"","","","","","","","","","","","","","","","","","","300","19","66","3","5","127","SE","116","http://cdn.worldweatheronline.com/images/wsymbols01_png_64/wsymbol_0004_black_low_cloud.png","Partly cloudy","0.0","0.0","89","10","6","1015","30","10","19","66","17","63","19","66","5","8","19","66","1"
"","","","","","","","","","","","","","","","","","","600","18","65","3","5","129","SE","116","http://cdn.worldweatheronline.com/images/wsymbols01_png_64/wsymbol_0004_black_low_cloud.png","Partly cloudy","0.0","0.0","88","10","6","1015","30","19","18","65","16","62","18","65","5","8","18","65","1"
"","","","","","","","","","","","","","","","","","","900","23","73","3","5","170","S","116","http://cdn.worldweatheronline.com/images/wsymbols01_png_64/wsymbol_0002_sunny_intervals.png","Partly cloudy","0.0","0.0","69","10","6","1015","30","10","23","73","16","61","23","73","4","6","23","73","6"
"","","","","","","","","","","","","","","","","","","1200","27","81","5","9","249","WSW","116","http://cdn.worldweatheronline.com/images/wsymbols01_png_64/wsymbol_0002_sunny_intervals.png","Partly cloudy","0.0","0.0","44","10","6","1015","30","3","28","82","14","57","27","81","6","10","28","82","7"
"","","","","","","","","","","","","","","","","","","1500","28","82","8","12","235","SW","116","http://cdn.worldweatheronline.com/images/wsymbols01_png_64/wsymbol_0002_sunny_intervals.png","Partly cloudy","0.0","0.0","41","10","6","1014","30","3","28","82","13","56","28","82","9","14","28","82","7"
"","","","","","","","","","","","","","","","","","","1800","24","76","7","11","216","SW","116","http://cdn.worldweatheronline.com/images/wsymbols01_png_64/wsymbol_0004_black_low_cloud.png","Partly cloudy","0.0","0.0","57","10","6","1013","30","2","26","78","15","58","24","76","8","12","26","78","1"
"","","","","","","","","","","","","","","","","","","2100","21","69","3","5","198","SSW","116","http://cdn.worldweatheronline.com/images/wsymbols01_png_64/wsymbol_0004_black_low_cloud.png","Partly cloudy","0.0","0.0","80","10","6","1014","30","1","23","73","17","62","21","69","4","6","21","69","1"
"","","2019-03-04","06:34 AM","07:18 PM","04:22 AM","06:22 PM","Waning Crescent","4","24","75","16","61","22","71","0.0","7.7","6","0","19","65","2","3","235","SW","116","http://cdn.worldweatheronline.com/images/wsymbols01_png_64/wsymbol_0004_black_low_cloud.png","Partly cloudy","0.0","0.0","87","10","6","1015","30","4","19","65","16","61","19","65","2","4","19","65","1"
"","","","","","","","","","","","","","","","","","","300","17","63","2","4","212","SSW","116","http://cdn.worldweatheronline.com/images/wsymbols01_png_64/wsymbol_0004_black_low_cloud.png","Partly cloudy","0.0","0.0","85","10","6","1014","30","22","17","63","15","58","17","63","4","6","17","63","1"
"","","","","","","","","","","","","","","","","","","600","18","64","4","7","120","ESE","122","http://cdn.worldweatheronline.com/images/wsymbols01_png_64/wsymbol_0004_black_low_cloud.png","Overcast","0.0","0.0","77","10","6","1014","30","65","18","64","14","57","18","64","6","10","18","64","1"
"","","","","","","","","","","","","","","","","","","900","20","68","5","8","348","NNW","176","http://cdn.worldweatheronline.com/images/wsymbols01_png_64/wsymbol_0009_light_rain_showers.png","Patchy rain possible","0.0","0.0","69","10","6","1015","30","100","20","68","14","58","20","68","6","9","20","68","5"
"","","","","","","","","","","","","","","","","","","1200","22","71","5","8","311","NW","353","http://cdn.worldweatheronline.com/images/wsymbols01_png_64/wsymbol_0009_light_rain_showers.png","Light rain shower","0.1","0.0","69","10","6","1016","30","94","22","72","16","60","22","71","6","10","22","71","5"
"","","","","","","","","","","","","","","","","","","1500","23","74","6","10","247","WSW","353","http://cdn.worldweatheronline.com/images/wsymbols01_png_64/wsymbol_0009_light_rain_showers.png","Light rain shower","0.2","0.0","67","10","6","1016","30","76","25","77","17","62","23","74","7","11","25","77","5"
"","","","","","","","","","","","","","","","","","","1800","21","69","8","13","192","SSW","116","http://cdn.worldweatheronline.com/images/wsymbols01_png_64/wsymbol_0004_black_low_cloud.png","Partly cloudy","0.1","0.0","74","10","6","1016","30","58","22","72","16","60","21","69","10","17","21","69","1"
"","","","","","","","","","","","","","","","","","","2100","17","63","7","12","169","S","116","http://cdn.worldweatheronline.com/images/wsymbols01_png_64/wsymbol_0004_black_low_cloud.png","Partly cloudy","0.0","0.0","85","10","6","1017","31","33","17","63","15","58","17","63","12","19","17","63","1"
"","","2019-03-05","06:35 AM","07:16 PM","05:17 AM","06:56 PM","New Moon","0","29","84","13","56","25","78","0.0","11.6","7","0","16","60","6","10","153","SSE","116","http://cdn.worldweatheronline.com/images/wsymbols01_png_64/wsymbol_0004_black_low_cloud.png","Partly cloudy","0.0","0.0","88","10","6","1017","31","13","16","60","14","56","15","60","13","20","15","60","1"
"","","","","","","","","","","","","","","","","","","300","14","57","6","9","133","SE","113","http://cdn.worldweatheronline.com/images/wsymbols01_png_64/wsymbol_0008_clear_sky_night.png","Clear","0.0","0.0","89","10","6","1017","31","9","14","57","12","54","14","56","12","19","14","56","1"
"","","","","","","","","","","","","","","","","","","600","15","59","5","8","113","ESE","113","http://cdn.worldweatheronline.com/images/wsymbols01_png_64/wsymbol_0008_clear_sky_night.png","Clear","0.0","0.0","83","10","6","1016","30","0","15","59","12","54","15","58","9","14","15","58","1"
"","","","","","","","","","","","","","","","","","","900","22","71","4","6","133","SE","113","http://cdn.worldweatheronline.com/images/wsymbols01_png_64/wsymbol_0001_sunny.png","Sunny","0.0","0.0","61","10","6","1016","30","0","22","71","13","55","22","71","4","7","22","71","6"
"","","","","","","","","","","","","","","","","","","1200","29","83","4","7","194","SSW","113","http://cdn.worldweatheronline.com/images/wsymbols01_png_64/wsymbol_0001_sunny.png","Sunny","0.0","0.0","33","10","6","1015","30","0","28","82","11","51","29","83","5","8","28","82","7"
"","","","","","","","","","","","","","","","","","","1500","28","82","7","12","209","SSW","113","http://cdn.worldweatheronline.com/images/wsymbols01_png_64/wsymbol_0001_sunny.png","Sunny","0.0","0.0","30","10","6","1014","30","0","27","80","9","47","28","82","9","15","27","80","7"
"","","","","","","","","","","","","","","","","","","1800","25","77","7","12","193","SSW","113","http://cdn.worldweatheronline.com/images/wsymbols01_png_64/wsymbol_0008_clear_sky_night.png","Clear","0.0","0.0","44","10","6","1013","30","0","26","79","11","51","25","77","11","18","26","79","1"
"","","","","","","","","","","","","","","","","","","2100","21","70","5","8","149","SSE","113","http://cdn.worldweatheronline.com/images/wsymbols01_png_64/wsymbol_0008_clear_sky_night.png","Clear","0.0","0.0","64","10","6","1013","30","0","24","75","13","55","21","70","10","17","21","70","1"
"","","2019-03-06","06:36 AM","07:15 PM","06:11 AM","07:28 PM","New Moon","0","29","84","18","65","27","80","0.0","11.6","7","0","20","68","3","5","103","ESE","113","http://cdn.worldweatheronline.com/images/wsymbols01_png_64/wsymbol_0008_clear_sky_night.png","Clear","0.0","0.0","69","10","6","1013","30","0","20","68","14","57","20","68","7","12","20","68","1"
"","","","","","","","","","","","","","","","","","","300","20","67","1","2","171","S","113","http://cdn.worldweatheronline.com/images/wsymbols01_png_64/wsymbol_0008_clear_sky_night.png","Clear","0.0","0.0","73","10","6","1012","30","0","20","67","15","58","20","67","3","5","20","67","1"
"","","","","","","","","","","","","","","","","","","600","20","68","1","1","335","NNW","113","http://cdn.worldweatheronline.com/images/wsymbols01_png_64/wsymbol_0008_clear_sky_night.png","Clear","0.0","0.0","72","10","6","1011","30","0","21","69","15","59","20","68","1","1","20","68","1"
"","","","","","","","","","","","","","","","","","","900","25","77","4","6","327","NNW","113","http://cdn.worldweatheronline.com/images/wsymbols01_png_64/wsymbol_0001_sunny.png","Sunny","0.0","0.0","57","10","6","1012","30","0","26","79","16","60","25","77","5","8","26","79","7"
"","","","","","","","","","","","","","","","","","","1200","28","83","7","12","290","WNW","113","http://cdn.worldweatheronline.com/images/wsymbols01_png_64/wsymbol_0001_sunny.png","Sunny","0.0","0.0","41","10","6","1013","30","0","28","83","14","57","28","83","9","14","28","83","7"
"","","","","","","","","","","","","","","","","","","1500","28","83","8","13","263","W","113","http://cdn.worldweatheronline.com/images/wsymbols01_png_64/wsymbol_0001_sunny.png","Sunny","0.0","0.0","44","10","6","1013","30","0","28","83","15","59","28","83","9","15","28","83","7"
"","","","","","","","","","","","","","","","","","","1800","25","77","6","10","249","WSW","113","http://cdn.worldweatheronline.com/images/wsymbols01_png_64/wsymbol_0008_clear_sky_night.png","Clear","0.0","0.0","59","10","6","1013","30","0","27","80","16","61","25","77","7","12","27","80","1"
"","","","","","","","","","","","","","","","","","","2100","21","70","3","5","243","WSW","113","http://cdn.worldweatheronline.com/images/wsymbols01_png_64/wsymbol_0008_clear_sky_night.png","Clear","0.0","0.0","78","10","6","1015","30","0","24","75","17","62","21","70","4","6","21","70","1"
"","","2019-03-07","06:37 AM","07:14 PM","07:06 AM","07:59 PM","Waxing Crescent","3","25","76","13","55","21","69","0.0","9.0","6","0","19","66","2","3","165","SSE","113","http://cdn.worldweatheronline.com/images/wsymbols01_png_64/wsymbol_0008_clear_sky_night.png","Clear","0.0","0.0","84","10","6","1016","30","0","19","66","16","61","19","66","2","4","19","66","1"
"","","","","","","","","","","","","","","","","","","300","18","64","2","4","17","NNE","116","http://cdn.worldweatheronline.com/images/wsymbols01_png_64/wsymbol_0004_black_low_cloud.png","Partly cloudy","0.0","0.0","84","10","6","1016","30","1","18","64","15","59","18","64","4","6","18","64","1"
"","","","","","","","","","","","","","","","","","","600","17","63","3","4","16","NNE","116","http://cdn.worldweatheronline.com/images/wsymbols01_png_64/wsymbol_0004_black_low_cloud.png","Partly cloudy","0.0","0.0","79","10","6","1017","31","4","17","63","14","56","17","63","4","6","17","63","1"
"","","","","","","","","","","","","","","","","","","900","21","70","4","6","99","E","116","http://cdn.worldweatheronline.com/images/wsymbols01_png_64/wsymbol_0002_sunny_intervals.png","Partly cloudy","0.0","0.0","64","10","6","1018","31","23","21","71","14","57","21","70","4","7","21","70","6"
"","","","","","","","","","","","","","","","","","","1200","23","74","7","12","250","WSW","353","http://cdn.worldweatheronline.com/images/wsymbols01_png_64/wsymbol_0009_light_rain_showers.png","Light rain shower","0.3","0.0","63","10","6","1018","31","63","24","75","16","60","23","74","9","14","24","75","5"
"","","","","","","","","","","","","","","","","","","1500","20","67","11","18","190","S","176","http://cdn.worldweatheronline.com/images/wsymbols01_png_64/wsymbol_0009_light_rain_showers.png","Patchy rain possible","0.7","0.0","75","10","6","1018","31","81","20","67","15","59","20","67","15","24","20","67","4"
"","","","","","","","","","","","","","","","","","","1800","17","62","13","21","167","SSE","116","http://cdn.worldweatheronline.com/images/wsymbols01_png_64/wsymbol_0004_black_low_cloud.png","Partly cloudy","0.1","0.0","75","10","6","1019","31","59","17","62","12","54","16","61","19","31","16","61","1"
"","","","","","","","","","","","","","","","","","","2100","14","56","12","19","155","SSE","116","http://cdn.worldweatheronline.com/images/wsymbols01_png_64/wsymbol_0004_black_low_cloud.png","Partly cloudy","0.0","0.0","80","10","6","1021","31","28","14","56","10","50","12","53","23","36","12","53","1"
"","","2019-03-08","06:38 AM","07:13 PM","08:01 AM","08:28 PM","Waxing Crescent","10","23","73","10","50","20","67","0.0","11.6","5","0","13","55","11","17","141","SE","116","http://cdn.worldweatheronline.com/images/wsymbols01_png_64/wsymbol_0004_black_low_cloud.png","Partly cloudy","0.0","0.0","79","10","6","1021","31","26","13","55","9","49","11","52","21","34","11","52","1"
"","","","","","","","","","","","","","","","","","","300","12","53","9","15","132","SE","116","http://cdn.worldweatheronline.com/images/wsymbols01_png_64/wsymbol_0004_black_low_cloud.png","Partly cloudy","0.0","0.0","79","10","6","1020","31","13","12","53","8","47","10","50","19","31","10","50","1"
"","","","","","","","","","","","","","","","","","","600","11","53","9","14","130","SE","116","http://cdn.worldweatheronline.com/images/wsymbols01_png_64/wsymbol_0004_black_low_cloud.png","Partly cloudy","0.0","0.0","78","10","6","1020","31","9","11","53","8","46","10","50","15","25","10","50","1"
"","","","","","","","","","","","","","","","","","","900","17","62","9","14","129","SE","116","http://cdn.worldweatheronline.com/images/wsymbols01_png_64/wsymbol_0002_sunny_intervals.png","Partly cloudy","0.0","0.0","65","10","6","1020","31","20","18","64","10","50","16","61","10","16","16","61","5"
"","","","","","","","","","","","","","","","","","","1200","22","71","9","14","142","SE","116","http://cdn.worldweatheronline.com/images/wsymbols01_png_64/wsymbol_0002_sunny_intervals.png","Partly cloudy","0.0","0.0","45","10","6","1019","31","27","24","76","9","49","22","71","10","16","22","71","6"
"","","","","","","","","","","","","","","","","","","1500","22","71","10","15","152","SSE","116","http://cdn.worldweatheronline.com/images/wsymbols01_png_64/wsymbol_0002_sunny_intervals.png","Partly cloudy","0.0","0.0","44","10","6","1017","31","7","23","73","9","48","22","71","13","20","22","71","6"
"","","","","","","","","","","","","","","","","","","1800","19","65","10","15","151","SSE","116","http://cdn.worldweatheronline.com/images/wsymbols01_png_64/wsymbol_0004_black_low_cloud.png","Partly cloudy","0.0","0.0","58","10","6","1016","30","17","19","65","10","50","19","65","17","27","19","65","1"
"","","","","","","","","","","","","","","","","","","2100","15","59","8","12","143","SE","116","http://cdn.worldweatheronline.com/images/wsymbols01_png_64/wsymbol_0004_black_low_cloud.png","Partly cloudy","0.0","0.0","76","10","6","1016","30","23","15","59","11","51","15","59","16","26","15","59","1"
"","","2019-03-09","06:39 AM","07:11 PM","08:57 AM","08:58 PM","Waxing Crescent","17","25","78","12","54","22","72","0.0","10.3","6","0","13","56","6","10","128","SE","116","http://cdn.worldweatheronline.com/images/wsymbols01_png_64/wsymbol_0004_black_low_cloud.png","Partly cloudy","0.0","0.0","87","10","6","1016","30","4","13","56","11","52","13","55","14","22","13","55","1"
"","","","","","","","","","","","","","","","","","","300","13","55","5","8","116","ESE","116","http://cdn.worldweatheronline.com/images/wsymbols01_png_64/wsymbol_0004_black_low_cloud.png","Partly cloudy","0.0","0.0","90","10","6","1015","30","7","13","55","11","52","12","54","11","18","12","54","1"
"","","","","","","","","","","","","","","","","","","600","14","57","4","7","115","ESE","116","http://cdn.worldweatheronline.com/images/wsymbols01_png_64/wsymbol_0004_black_low_cloud.png","Partly cloudy","0.0","0.0","87","10","6","1015","30","10","14","57","12","53","14","57","8","13","14","57","1"
"","","","","","","","","","","","","","","","","","","900","20","67","4","7","140","SE","113","http://cdn.worldweatheronline.com/images/wsymbols01_png_64/wsymbol_0001_sunny.png","Sunny","0.0","0.0","69","10","6","1016","30","4","20","68","13","56","20","67","5","8","20","67","5"
"","","","","","","","","","","","","","","","","","","1200","25","77","6","10","188","S","116","http://cdn.worldweatheronline.com/images/wsymbols01_png_64/wsymbol_0002_sunny_intervals.png","Partly cloudy","0.0","0.0","46","10","6","1016","30","3","26","78","13","55","25","77","8","12","26","78","6"
"","","","","","","","","","","","","","","","","","","1500","24","76","11","18","186","S","176","http://cdn.worldweatheronline.com/images/wsymbols01_png_64/wsymbol_0009_light_rain_showers.png","Patchy rain possible","0.0","0.0","46","10","6","1015","30","34","25","78","12","53","24","76","13","21","25","78","5"
"","","","","","","","","","","","","","","","","","","1800","20","69","12","19","165","SSE","176","http://cdn.worldweatheronline.com/images/wsymbols01_png_64/wsymbol_0025_light_rain_showers_night.png","Patchy rain possible","0.1","0.0","62","10","6","1016","30","86","22","72","13","55","20","69","17","27","20","69","1"
"","","","","","","","","","","","","","","","","","","2100","17","62","10","16","145","SE","113","http://cdn.worldweatheronline.com/images/wsymbols01_png_64/wsymbol_0008_clear_sky_night.png","Clear","0.1","0.0","78","10","6","1017","31","59","17","62","13","55","17","62","18","29","17","62","1"
"","","2019-03-10","06:39 AM","07:10 PM","09:53 AM","09:30 PM","Waxing Crescent","24","25","78","16","60","22","72","0.0","10.3","6","0","16","61","9","14","131","SE","116","http://cdn.worldweatheronline.com/images/wsymbols01_png_64/wsymbol_0004_black_low_cloud.png","Partly cloudy","0.0","0.0","83","10","6","1018","31","1","16","61","13","56","16","61","15","24","16","61","1"
"","","","","","","","","","","","","","","","","","","300","16","60","7","12","123","ESE","116","http://cdn.worldweatheronline.com/images/wsymbols01_png_64/wsymbol_0004_black_low_cloud.png","Partly cloudy","0.0","0.0","87","10","6","1018","31","6","16","60","14","56","16","60","12","20","16","60","1"
"","","","","","","","","","","","","","","","","","","600","17","62","7","11","118","ESE","200","http://cdn.worldweatheronline.com/images/wsymbols01_png_64/wsymbol_0032_thundery_showers_night.png","Thundery outbreaks possible","0.0","0.0","85","10","6","1017","31","16","17","62","14","57","17","62","10","16","17","62","1"
"","","","","","","","","","","","","","","","","","","900","20","67","7","11","121","ESE","200","http://cdn.worldweatheronline.com/images/wsymbols01_png_64/wsymbol_0016_thundery_showers.png","Thundery outbreaks possible","0.0","0.0","71","9","5","1018","31","42","20","69","14","57","20","67","8","13","20","67","4"
"","","","","","","","","","","","","","","","","","","1200","24","75","8","13","133","SE","200","http://cdn.worldweatheronline.com/images/wsymbols01_png_64/wsymbol_0016_thundery_showers.png","Thundery outbreaks possible","0.1","0.0","52","9","5","1018","31","59","25","77","13","56","24","75","9","15","25","77","5"
"","","","","","","","","","","","","","","","","","","1500","24","76","11","17","132","SE","200","http://cdn.worldweatheronline.com/images/wsymbols01_png_64/wsymbol_0016_thundery_showers.png","Thundery outbreaks possible","0.0","0.0","50","9","5","1017","31","44","26","78","13","56","24","76","12","20","26","78","5"
"","","","","","","","","","","","","","","","","","","1800","21","70","11","18","124","SE","356","http://cdn.worldweatheronline.com/images/wsymbols01_png_64/wsymbol_0026_heavy_rain_showers_night.png","Moderate or heavy rain shower","1.1","0.0","62","8","5","1017","31","61","23","73","13","56","21","70","14","23","21","70","1"
"","","","","","","","","","","","","","","","","","","2100","18","64","9","15","126","SE","353","http://cdn.worldweatheronline.com/images/wsymbols01_png_64/wsymbol_0025_light_rain_showers_night.png","Light rain shower","2.6","0.1","76","8","4","1018","31","67","18","64","14","56","18","64","15","24","18","64","1"
"","","2019-03-11","06:40 AM","07:09 PM","10:51 AM","10:04 PM","Waxing Crescent","32","22","71","17","62","20","69","0.0","6.3","5","0","17","63","9","14","126","SE","386","http://cdn.worldweatheronline.com/images/wsymbols01_png_64/wsymbol_0032_thundery_showers_night.png","Patchy light rain with thunder","1.6","0.1","81","10","6","1018","31","76","17","63","14","57","17","63","13","21","17","63","1"
"","","","","","","","","","","","","","","","","","","300","17","62","7","11","129","SE","386","http://cdn.worldweatheronline.com/images/wsymbols01_png_64/wsymbol_0032_thundery_showers_night.png","Patchy light rain with thunder","1.4","0.1","86","10","6","1017","31","81","17","62","14","58","17","62","11","17","17","62","1"
"","","","","","","","","","","","","","","","","","","600","17","62","6","10","135","SE","356","http://cdn.worldweatheronline.com/images/wsymbols01_png_64/wsymbol_0026_heavy_rain_showers_night.png","Moderate or heavy rain shower","3.2","0.1","86","9","5","1017","31","80","17","62","15","58","17","62","10","17","17","62","1"
"","","","","","","","","","","","","","","","","","","900","18","65","6","10","148","SSE","353","http://cdn.worldweatheronline.com/images/wsymbols01_png_64/wsymbol_0009_light_rain_showers.png","Light rain shower","3.8","0.1","78","8","4","1017","31","74","18","65","14","58","18","65","10","17","18","65","4"
"","","","","","","","","","","","","","","","","","","1200","21","69","7","11","170","S","356","http://cdn.worldweatheronline.com/images/wsymbols01_png_64/wsymbol_0010_heavy_rain_showers.png","Moderate or heavy rain shower","2.5","0.1","68","9","5","1017","31","79","22","71","15","58","21","69","11","18","21","69","5"
"","","","","","","","","","","","","","","","","","","1500","22","71","8","12","176","S","353","http://cdn.worldweatheronline.com/images/wsymbols01_png_64/wsymbol_0009_light_rain_showers.png","Light rain shower","2.9","0.1","66","8","4","1016","30","72","25","76","15","59","22","71","12","20","22","71","5"
"","","","","","","","","","","","","","","","","","","1800","21","69","6","10","177","S","176","http://cdn.worldweatheronline.com/images/wsymbols01_png_64/wsymbol_0025_light_rain_showers_night.png","Patchy rain possible","0.4","0.0","72","10","6","1015","30","65","23","73","16","60","21","69","8","12","21","69","1"
"","","","","","","","","","","","","","","","","","","2100","18","65","4","7","154","SSE","176","http://cdn.worldweatheronline.com/images/wsymbols01_png_64/wsymbol_0025_light_rain_showers_night.png","Patchy rain possible","0.3","0.0","86","9","5","1015","30","83","18","65","16","61","18","65","6","10","18","65","1"
"","","2019-03-12","06:41 AM","07:07 PM","11:50 AM","10:42 PM","Waxing Crescent","39","24","76","16","61","22","71","0.0","7.6","5","0","18","64","3","5","97","E","176","http://cdn.worldweatheronline.com/images/wsymbols01_png_64/wsymbol_0025_light_rain_showers_night.png","Patchy rain possible","0.3","0.0","88","10","6","1015","30","81","18","64","16","61","18","64","5","9","18","64","1"
"","","","","","","","","","","","","","","","","","","300","17","63","2","4","136","SE","353","http://cdn.worldweatheronline.com/images/wsymbols01_png_64/wsymbol_0025_light_rain_showers_night.png","Light rain shower","0.6","0.0","88","9","5","1014","30","73","17","63","15","60","17","63","4","6","17","63","1"
"","","","","","","","","","","","","","","","","","","600","17","62","3","5","329","NNW","353","http://cdn.worldweatheronline.com/images/wsymbols01_png_64/wsymbol_0025_light_rain_showers_night.png","Light rain shower","1.5","0.1","90","10","6","1014","30","72","17","62","15","59","17","62","5","8","17","62","1"
"","","","","","","","","","","","","","","","","","","900","19","65","6","9","336","NNW","176","http://cdn.worldweatheronline.com/images/wsymbols01_png_64/wsymbol_0009_light_rain_showers.png","Patchy rain possible","1.4","0.1","81","10","6","1014","30","64","20","67","15","59","19","65","8","12","19","65","4"
"","","","","","","","","","","","","","","","","","","1200","22","72","7","11","309","NW","176","http://cdn.worldweatheronline.com/images/wsymbols01_png_64/wsymbol_0009_light_rain_showers.png","Patchy rain possible","0.1","0.0","61","10","6","1014","30","73","25","76","14","58","22","72","8","13","25","76","5"
"","","","","","","","","","","","","","","","","","","1500","24","75","8","13","285","WNW","116","http://cdn.worldweatheronline.com/images/wsymbols01_png_64/wsymbol_0002_sunny_intervals.png","Partly cloudy","0.1","0.0","52","10","6","1013","30","65","25","77","14","56","24","75","9","14","25","77","6"
"","","","","","","","","","","","","","","","","","","1800","22","71","6","10","278","W","116","http://cdn.worldweatheronline.com/images/wsymbols01_png_64/wsymbol_0004_black_low_cloud.png","Partly cloudy","0.0","0.0","63","10","6","1012","30","22","23","73","14","57","22","71","7","12","22","71","1"
"","","","","","","","","","","","","","","","","","","2100","18","65","2","4","237","WSW","116","http://cdn.worldweatheronline.com/images/wsymbols01_png_64/wsymbol_0004_black_low_cloud.png","Partly cloudy","0.0","0.0","82","10","6","1013","30","10","18","65","15","59","18","65","4","6","18","65","1"
"","","2019-03-13","06:42 AM","07:06 PM","12:51 PM","11:25 PM","First Quarter","46","26","78","16","60","23","73","0.0","11.6","6","0","17","63","1","1","100","E","116","http://cdn.worldweatheronline.com/images/wsymbols01_png_64/wsymbol_0004_black_low_cloud.png","Partly cloudy","0.0","0.0","87","10","6","1014","30","9","17","63","15","59","17","63","2","3","17","63","1"
"","","","","","","","","","","","","","","","","","","300","17","62","2","3","17","NNE","116","http://cdn.worldweatheronline.com/images/wsymbols01_png_64/wsymbol_0004_black_low_cloud.png","Partly cloudy","0.0","0.0","87","10","6","1014","30","6","17","62","15","58","17","62","3","5","17","62","1"
"","","","","","","","","","","","","","","","","","","600","17","62","3","4","4","N","116","http://cdn.worldweatheronline.com/images/wsymbols01_png_64/wsymbol_0004_black_low_cloud.png","Partly cloudy","0.0","0.0","83","10","6","1014","30","5","17","62","14","57","17","62","4","7","17","62","1"
"","","","","","","","","","","","","","","","","","","900","20","69","3","5","99","E","116","http://cdn.worldweatheronline.com/images/wsymbols01_png_64/wsymbol_0002_sunny_intervals.png","Partly cloudy","0.0","0.0","68","10","6","1016","30","3","21","69","14","57","20","69","4","6","20","69","6"
"","","","","","","","","","","","","","","","","","","1200","25","76","5","9","271","W","116","http://cdn.worldweatheronline.com/images/wsymbols01_png_64/wsymbol_0002_sunny_intervals.png","Partly cloudy","0.0","0.0","50","10","6","1016","30","3","26","78","13","56","25","76","6","10","26","78","6"
"","","","","","","","","","","","","","","","","","","1500","25","77","7","12","235","SW","116","http://cdn.worldweatheronline.com/images/wsymbols01_png_64/wsymbol_0002_sunny_intervals.png","Partly cloudy","0.0","0.0","49","10","6","1015","30","4","26","78","13","56","25","77","9","14","26","78","6"
"","","","","","","","","","","","","","","","","","","1800","22","71","8","12","199","SSW","116","http://cdn.worldweatheronline.com/images/wsymbols01_png_64/wsymbol_0004_black_low_cloud.png","Partly cloudy","0.0","0.0","64","10","6","1016","30","3","23","73","14","57","22","71","10","17","22","71","1"
"","","","","","","","","","","","","","","","","","","2100","19","65","7","11","163","SSE","116","http://cdn.worldweatheronline.com/images/wsymbols01_png_64/wsymbol_0004_black_low_cloud.png","Partly cloudy","0.0","0.0","84","10","6","1017","31","4","19","65","16","60","19","65","11","17","19","65","1"
"","","2019-03-14","06:43 AM","07:05 PM","01:53 PM","No moonset","First Quarter","54","29","84","17","62","25","77","0.0","11.6","7","0","18","64","7","12","143","SE","116","http://cdn.worldweatheronline.com/images/wsymbols01_png_64/wsymbol_0004_black_low_cloud.png","Partly cloudy","0.0","0.0","89","10","6","1017","31","8","18","64","16","61","18","64","11","18","18","64","1"
"","","","","","","","","","","","","","","","","","","300","17","62","7","11","133","SE","116","http://cdn.worldweatheronline.com/images/wsymbols01_png_64/wsymbol_0004_black_low_cloud.png","Partly cloudy","0.0","0.0","90","10","6","1017","31","6","17","62","15","59","17","62","12","19","17","62","1"
"","","","","","","","","","","","","","","","","","","600","17","63","6","10","125","SE","119","http://cdn.worldweatheronline.com/images/wsymbols01_png_64/wsymbol_0003_white_cloud.png","Cloudy","0.0","0.0","86","10","6","1017","31","30","17","63","15","58","17","63","10","17","17","63","1"
"","","","","","","","","","","","","","","","","","","900","20","69","6","9","130","SE","116","http://cdn.worldweatheronline.com/images/wsymbols01_png_64/wsymbol_0002_sunny_intervals.png","Partly cloudy","0.0","0.0","69","10","6","1018","31","54","21","69","14","57","20","69","8","13","20","69","6"
"","","","","","","","","","","","","","","","","","","1200","27","80","6","10","156","SSE","116","http://cdn.worldweatheronline.com/images/wsymbols01_png_64/wsymbol_0002_sunny_intervals.png","Partly cloudy","0.0","0.0","44","10","6","1018","31","5","27","80","13","56","27","80","7","12","27","80","7"
"","","","","","","","","","","","","","","","","","","1500","29","83","9","14","167","SSE","116","http://cdn.worldweatheronline.com/images/wsymbols01_png_64/wsymbol_0002_sunny_intervals.png","Partly cloudy","0.0","0.0","39","10","6","1017","30","5","28","83","13","56","29","83","10","16","28","83","7"
"","","","","","","","","","","","","","","","","","","1800","27","80","9","15","155","SSE","113","http://cdn.worldweatheronline.com/images/wsymbols01_png_64/wsymbol_0008_clear_sky_night.png","Clear","0.0","0.0","50","10","6","1016","30","2","28","82","15","59","27","80","12","19","28","82","1"
"","","","","","","","","","","","","","","","","","","2100","23","73","9","14","134","SE","113","http://cdn.worldweatheronline.com/images/wsymbols01_png_64/wsymbol_0008_clear_sky_night.png","Clear","0.0","0.0","67","10","6","1016","30","0","25","78","16","60","23","73","13","21","25","78","1"
"","","2019-03-15","06:43 AM","07:03 PM","02:53 PM","12:15 AM","First Quarter","61","36","97","19","65","30","86","0.0","11.6","8","0","20","68","8","12","115","ESE","113","http://cdn.worldweatheronline.com/images/wsymbols01_png_64/wsymbol_0008_clear_sky_night.png","Clear","0.0","0.0","75","10","6","1016","30","0","20","68","15","59","20","68","12","20","20","68","1"
"","","","","","","","","","","","","","","","","","","300","19","66","7","12","105","ESE","113","http://cdn.worldweatheronline.com/images/wsymbols01_png_64/wsymbol_0008_clear_sky_night.png","Clear","0.0","0.0","80","10","6","1015","30","0","19","66","15","59","19","66","12","19","19","66","1"
"","","","","","","","","","","","","","","","","","","600","19","67","6","10","99","E","113","http://cdn.worldweatheronline.com/images/wsymbols01_png_64/wsymbol_0008_clear_sky_night.png","Clear","0.0","0.0","78","10","6","1014","30","0","19","67","15","60","19","67","11","18","19","67","1"
"","","","","","","","","","","","","","","","","","","900","24","76","5","9","99","E","113","http://cdn.worldweatheronline.com/images/wsymbols01_png_64/wsymbol_0001_sunny.png","Sunny","0.0","0.0","62","10","6","1014","30","0","25","76","16","61","24","76","7","12","25","76","6"
"","","","","","","","","","","","","","","","","","","1200","33","91","3","5","137","SE","116","http://cdn.worldweatheronline.com/images/wsymbols01_png_64/wsymbol_0002_sunny_intervals.png","Partly cloudy","0.0","0.0","37","10","6","1014","30","1","34","92","16","61","33","91","4","6","34","92","8"
"","","","","","","","","","","","","","","","","","","1500","35","95","4","6","205","SSW","116","http://cdn.worldweatheronline.com/images/wsymbols01_png_64/wsymbol_0002_sunny_intervals.png","Partly cloudy","0.0","0.0","30","10","6","1013","30","3","35","95","15","59","35","95","4","6","35","95","8"
"","","","","","","","","","","","","","","","","","","1800","32","89","5","8","196","SSW","116","http://cdn.worldweatheronline.com/images/wsymbols01_png_64/wsymbol_0004_black_low_cloud.png","Partly cloudy","0.0","0.0","42","10","6","1012","30","3","32","90","16","60","32","89","6","9","32","90","1"
"","","","","","","","","","","","","","","","","","","2100","29","83","3","5","139","SE","113","http://cdn.worldweatheronline.com/images/wsymbols01_png_64/wsymbol_0008_clear_sky_night.png","Clear","0.0","0.0","62","10","6","1012","30","1","31","88","18","65","29","83","5","8","31","88","1"
"","","2019-03-16","06:44 AM","07:02 PM","03:51 PM","01:12 AM","Waxing Gibbous","68","30","86","18","65","27","81","0.0","11.6","7","0","25","78","4","6","88","E","113","http://cdn.worldweatheronline.com/images/wsymbols01_png_64/wsymbol_0008_clear_sky_night.png","Clear","0.0","0.0","72","10","6","1013","30","0","28","82","18","65","25","78","6","10","28","82","1"
"","","","","","","","","","","","","","","","","","","300","22","71","4","6","48","NE","116","http://cdn.worldweatheronline.com/images/wsymbols01_png_64/wsymbol_0004_black_low_cloud.png","Partly cloudy","0.0","0.0","76","10","6","1012","30","2","23","74","18","64","22","71","7","11","22","71","1"
"","","","","","","","","","","","","","","","","","","600","21","71","4","6","118","ESE","116","http://cdn.worldweatheronline.com/images/wsymbols01_png_64/wsymbol_0004_black_low_cloud.png","Partly cloudy","0.0","0.0","71","10","6","1012","30","9","22","72","16","60","21","71","7","11","21","71","1"
"","","","","","","","","","","","","","","","","","","900","25","78","4","6","334","NNW","116","http://cdn.worldweatheronline.com/images/wsymbols01_png_64/wsymbol_0002_sunny_intervals.png","Partly cloudy","0.0","0.0","59","10","6","1013","30","9","27","80","16","62","25","78","4","7","27","80","7"
"","","","","","","","","","","","","","","","","","","1200","30","85","5","9","281","W","116","http://cdn.worldweatheronline.com/images/wsymbols01_png_64/wsymbol_0002_sunny_intervals.png","Partly cloudy","0.0","0.0","43","10","6","1012","30","2","30","86","16","60","30","85","6","10","30","86","7"
"","","","","","","","","","","","","","","","","","","1500","28","83","7","11","249","WSW","113","http://cdn.worldweatheronline.com/images/wsymbols01_png_64/wsymbol_0001_sunny.png","Sunny","0.0","0.0","43","10","6","1011","30","1","29","84","15","58","28","83","8","13","29","84","7"
"","","","","","","","","","","","","","","","","","","1800","25","76","5","8","220","SW","116","http://cdn.worldweatheronline.com/images/wsymbols01_png_64/wsymbol_0004_black_low_cloud.png","Partly cloudy","0.0","0.0","58","10","6","1011","30","1","26","78","15","59","25","76","7","12","26","78","1"
"","","","","","","","","","","","","","","","","","","2100","21","70","2","4","188","S","116","http://cdn.worldweatheronline.com/images/wsymbols01_png_64/wsymbol_0004_black_low_cloud.png","Partly cloudy","0.0","0.0","77","10","6","1011","30","12","23","73","15","60","21","70","4","7","21","70","1"
"","","2019-03-17","06:45 AM","07:00 PM","04:45 PM","02:15 AM","Waxing Gibbous","75","25","77","16","60","22","72","0.0","11.6","6","0","18","64","1","2","210","SSW","116","http://cdn.worldweatheronline.com/images/wsymbols01_png_64/wsymbol_0004_black_low_cloud.png","Partly cloudy","0.0","0.0","83","10","6","1011","30","31","18","64","15","59","18","64","3","5","18","64","1"
"","","","","","","","","","","","","","","","","","","300","17","62","2","3","292","WNW","116","http://cdn.worldweatheronline.com/images/wsymbols01_png_64/wsymbol_0004_black_low_cloud.png","Partly cloudy","0.0","0.0","87","13","7","1011","30","25","17","62","14","58","17","62","4","7","17","62","1"
"","","","","","","","","","","","","","","","","","","600","17","62","3","4","317","NW","116","http://cdn.worldweatheronline.com/images/wsymbols01_png_64/wsymbol_0004_black_low_cloud.png","Partly cloudy","0.0","0.0","87","18","11","1011","30","13","17","62","15","59","17","62","5","8","17","62","1"
"","","","","","","","","","","","","","","","","","","900","20","69","4","6","320","NW","116","http://cdn.worldweatheronline.com/images/wsymbols01_png_64/wsymbol_0002_sunny_intervals.png","Partly cloudy","0.0","0.0","75","18","11","1012","30","22","21","70","16","60","20","69","5","8","20","69","6"
"","","","","","","","","","","","","","","","","","","1200","24","74","6","9","281","W","116","http://cdn.worldweatheronline.com/images/wsymbols01_png_64/wsymbol_0002_sunny_intervals.png","Partly cloudy","0.0","0.0","59","19","11","1013","30","26","25","77","15","59","24","74","7","11","25","77","6"
"","","","","","","","","","","","","","","","","","","1500","24","76","7","11","237","WSW","116","http://cdn.worldweatheronline.com/images/wsymbols01_png_64/wsymbol_0002_sunny_intervals.png","Partly cloudy","0.0","0.0","54","20","12","1012","30","17","26","78","15","58","24","76","9","14","26","78","6"
"","","","","","","","","","","","","","","","","","","1800","21","70","7","12","196","SSW","116","http://cdn.worldweatheronline.com/images/wsymbols01_png_64/wsymbol_0004_black_low_cloud.png","Partly cloudy","0.0","0.0","65","20","12","1013","30","10","22","72","14","57","21","70","12","19","21","70","1"
"","","","","","","","","","","","","","","","","","","2100","18","64","6","10","165","SSE","116","http://cdn.worldweatheronline.com/images/wsymbols01_png_64/wsymbol_0004_black_low_cloud.png","Partly cloudy","0.0","0.0","83","20","12","1013","30","7","18","64","15","58","18","64","13","21","18","64","1"
"","","2019-03-18","06:46 AM","06:59 PM","05:34 PM","03:24 AM","Waxing Gibbous","83","30","85","16","60","26","78","0.0","11.6","7","0","17","62","6","9","145","SE","116","http://cdn.worldweatheronline.com/images/wsymbols01_png_64/wsymbol_0004_black_low_cloud.png","Partly cloudy","0.0","0.0","89","20","12","1014","30","10","17","62","15","59","17","62","12","19","17","62","1"
"","","","","","","","","","","","","","","","","","","300","16","61","5","9","134","SE","116","http://cdn.worldweatheronline.com/images/wsymbols01_png_64/wsymbol_0004_black_low_cloud.png","Partly cloudy","0.0","0.0","91","20","12","1013","30","13","16","61","15","58","16","61","11","18","16","61","1"
"","","","","","","","","","","","","","","","","","","600","17","63","5","8","122","ESE","116","http://cdn.worldweatheronline.com/images/wsymbols01_png_64/wsymbol_0004_black_low_cloud.png","Partly cloudy","0.0","0.0","89","19","11","1013","30","14","17","63","16","60","17","63","9","14","17","63","1"
"","","","","","","","","","","","","","","","","","","900","23","73","4","7","139","SE","113","http://cdn.worldweatheronline.com/images/wsymbols01_png_64/wsymbol_0001_sunny.png","Sunny","0.0","0.0","72","20","12","1013","30","6","23","74","17","63","23","73","5","8","23","74","6"
"","","","","","","","","","","","","","","","","","","1200","29","83","5","8","182","S","116","http://cdn.worldweatheronline.com/images/wsymbols01_png_64/wsymbol_0002_sunny_intervals.png","Partly cloudy","0.0","0.0","47","20","12","1013","30","1","29","84","16","61","29","83","6","9","29","84","7"
"","","","","","","","","","","","","","","","","","","1500","28","82","7","12","195","SSW","116","http://cdn.worldweatheronline.com/images/wsymbols01_png_64/wsymbol_0002_sunny_intervals.png","Partly cloudy","0.0","0.0","44","20","12","1012","30","3","28","83","15","58","28","82","10","15","28","83","7"
"","","","","","","","","","","","","","","","","","","1800","23","74","7","12","177","S","116","http://cdn.worldweatheronline.com/images/wsymbols01_png_64/wsymbol_0004_black_low_cloud.png","Partly cloudy","0.0","0.0","58","20","12","1012","30","14","24","75","14","58","23","74","13","20","24","75","1"
"","","","","","","","","","","","","","","","","","","2100","20","67","6","9","151","SSE","119","http://cdn.worldweatheronline.com/images/wsymbols01_png_64/wsymbol_0003_white_cloud.png","Cloudy","0.0","0.0","74","20","12","1013","30","49","20","67","15","59","20","67","12","19","20","67","1"
"","","2019-03-19","06:47 AM","06:58 PM","06:17 PM","04:35 AM","Waxing Gibbous","90","29","84","17","62","25","78","0.0","11.6","7","0","19","65","5","8","121","ESE","116","http://cdn.worldweatheronline.com/images/wsymbols01_png_64/wsymbol_0004_black_low_cloud.png","Partly cloudy","0.0","0.0","79","20","12","1013","30","62","19","65","15","59","19","65","10","16","19","65","1"
"","","","","","","","","","","","","","","","","","","300","18","64","3","5","109","ESE","116","http://cdn.worldweatheronline.com/images/wsymbols01_png_64/wsymbol_0004_black_low_cloud.png","Partly cloudy","0.0","0.0","89","10","6","1012","30","5","18","64","16","60","18","64","6","10","18","64","1"
"","","","","","","","","","","","","","","","","","","600","19","66","2","3","179","S","116","http://cdn.worldweatheronline.com/images/wsymbols01_png_64/wsymbol_0004_black_low_cloud.png","Partly cloudy","0.0","0.0","88","10","6","1012","30","4","20","67","17","62","19","66","3","5","19","66","1"
"","","","","","","","","","","","","","","","","","","900","24","74","2","3","322","NW","116","http://cdn.worldweatheronline.com/images/wsymbols01_png_64/wsymbol_0002_sunny_intervals.png","Partly cloudy","0.0","0.0","72","10","6","1012","30","14","26","78","18","64","24","74","2","4","26","78","6"
"","","","","","","","","","","","","","","","","","","1200","27","81","6","9","257","WSW","116","http://cdn.worldweatheronline.com/images/wsymbols01_png_64/wsymbol_0002_sunny_intervals.png","Partly cloudy","0.0","0.0","50","10","6","1012","30","23","28","82","16","60","27","81","7","11","28","82","7"
"","","","","","","","","","","","","","","","","","","1500","26","79","8","13","239","WSW","116","http://cdn.worldweatheronline.com/images/wsymbols01_png_64/wsymbol_0002_sunny_intervals.png","Partly cloudy","0.0","0.0","48","10","6","1012","30","4","27","80","14","58","26","79","10","17","27","80","7"
"","","","","","","","","","","","","","","","","","","1800","22","72","7","11","227","SW","116","http://cdn.worldweatheronline.com/images/wsymbols01_png_64/wsymbol_0004_black_low_cloud.png","Partly cloudy","0.0","0.0","64","10","6","1012","30","8","25","76","14","57","22","72","11","18","25","76","1"
"","","","","","","","","","","","","","","","","","","2100","19","66","5","8","206","SSW","116","http://cdn.worldweatheronline.com/images/wsymbols01_png_64/wsymbol_0004_black_low_cloud.png","Partly cloudy","0.0","0.0","85","10","6","1014","30","16","22","71","15","59","19","66","10","16","19","66","1"
"","","2019-03-20","06:47 AM","06:56 PM","06:58 PM","05:46 AM","Waxing Gibbous","97","24","75","13","56","21","70","0.0","11.6","6","0","16","61","5","8","179","S","116","http://cdn.worldweatheronline.com/images/wsymbols01_png_64/wsymbol_0004_black_low_cloud.png","Partly cloudy","0.0","0.0","88","10","6","1015","30","18","16","61","14","58","16","61","10","15","16","61","1"
"","","","","","","","","","","","","","","","","","","300","15","59","5","8","162","SSE","116","http://cdn.worldweatheronline.com/images/wsymbols01_png_64/wsymbol_0004_black_low_cloud.png","Partly cloudy","0.0","0.0","89","10","6","1016","30","21","15","59","13","56","15","59","10","16","15","59","1"
"","","","","","","","","","","","","","","","","","","600","16","60","5","8","150","SSE","116","http://cdn.worldweatheronline.com/images/wsymbols01_png_64/wsymbol_0004_black_low_cloud.png","Partly cloudy","0.0","0.0","84","10","6","1016","30","17","16","60","13","55","15","60","9","14","15","60","1"
"","","","","","","","","","","","","","","","","","","900","20","68","6","10","164","SSE","116","http://cdn.worldweatheronline.com/images/wsymbols01_png_64/wsymbol_0002_sunny_intervals.png","Partly cloudy","0.0","0.0","70","10","6","1017","31","8","21","69","14","57","20","68","7","11","20","68","5"
"","","","","","","","","","","","","","","","","","","1200","23","74","8","12","189","S","113","http://cdn.worldweatheronline.com/images/wsymbols01_png_64/wsymbol_0001_sunny.png","Sunny","0.0","0.0","52","10","6","1017","31","3","25","77","13","55","23","74","9","14","25","77","6"
"","","","","","","","","","","","","","","","","","","1500","23","73","9","15","197","SSW","116","http://cdn.worldweatheronline.com/images/wsymbols01_png_64/wsymbol_0002_sunny_intervals.png","Partly cloudy","0.0","0.0","49","10","6","1016","30","1","23","74","12","53","23","73","12","19","23","74","6"
"","","","","","","","","","","","","","","","","","","1800","19","66","9","15","187","S","113","http://cdn.worldweatheronline.com/images/wsymbols01_png_64/wsymbol_0008_clear_sky_night.png","Clear","0.0","0.0","62","10","6","1016","30","3","20","67","11","51","19","66","15","24","19","66","1"
"","","","","","","","","","","","","","","","","","","2100","16","60","8","12","171","S","116","http://cdn.worldweatheronline.com/images/wsymbols01_png_64/wsymbol_0004_black_low_cloud.png","Partly cloudy","0.0","0.0","79","10","6","1017","31","1","17","63","11","51","15","60","16","25","15","60","1"
"","","2019-03-21","06:48 AM","06:55 PM","07:36 PM","06:57 AM","Full Moon","100","24","75","10","51","20","69","0.0","11.6","6","0","13","55","7","12","161","SSE","113","http://cdn.worldweatheronline.com/images/wsymbols01_png_64/wsymbol_0008_clear_sky_night.png","Clear","0.0","0.0","83","10","6","1018","31","2","13","55","10","50","12","53","15","24","12","53","1"
"","","","","","","","","","","","","","","","","","","300","12","53","7","11","152","SSE","113","http://cdn.worldweatheronline.com/images/wsymbols01_png_64/wsymbol_0008_clear_sky_night.png","Clear","0.0","0.0","80","10","6","1018","31","0","12","53","8","47","10","51","15","24","10","51","1"
"","","","","","","","","","","","","","","","","","","600","12","54","7","12","140","SE","113","http://cdn.worldweatheronline.com/images/wsymbols01_png_64/wsymbol_0008_clear_sky_night.png","Clear","0.0","0.0","71","10","6","1019","31","0","12","54","7","44","11","52","13","21","11","52","1"
"","","","","","","","","","","","","","","","","","","900","17","63","7","12","143","SE","113","http://cdn.worldweatheronline.com/images/wsymbols01_png_64/wsymbol_0001_sunny.png","Sunny","0.0","0.0","55","10","6","1020","31","0","18","64","8","46","17","63","9","14","17","63","5"
"","","","","","","","","","","","","","","","","","","1200","23","73","9","14","165","SSE","116","http://cdn.worldweatheronline.com/images/wsymbols01_png_64/wsymbol_0002_sunny_intervals.png","Partly cloudy","0.0","0.0","38","10","6","1019","31","3","24","75","7","45","23","73","10","17","24","75","6"
"","","","","","","","","","","","","","","","","","","1500","23","73","11","17","176","S","116","http://cdn.worldweatheronline.com/images/wsymbols01_png_64/wsymbol_0002_sunny_intervals.png","Partly cloudy","0.0","0.0","38","10","6","1019","31","16","23","74","8","46","23","73","14","22","23","74","6"
"","","","","","","","","","","","","","","","","","","1800","19","67","11","17","169","SSE","116","http://cdn.worldweatheronline.com/images/wsymbols01_png_64/wsymbol_0004_black_low_cloud.png","Partly cloudy","0.0","0.0","54","10","6","1018","31","23","20","69","9","48","19","67","18","28","19","67","1"
"","","","","","","","","","","","","","","","","","","2100","16","60","8","13","150","SSE","113","http://cdn.worldweatheronline.com/images/wsymbols01_png_64/wsymbol_0008_clear_sky_night.png","Clear","0.0","0.0","74","10","6","1019","31","3","18","64","10","50","15","60","17","28","15","60","1"
"","","2019-03-22","06:49 AM","06:54 PM","08:12 PM","08:05 AM","Waxing Gibbous","88","27","80","12","54","23","73","0.0","11.6","6","0","14","56","7","12","131","SE","113","http://cdn.worldweatheronline.com/images/wsymbols01_png_64/wsymbol_0008_clear_sky_night.png","Clear","0.0","0.0","80","10","6","1019","31","0","14","56","10","50","13","55","15","24","13","55","1"
"","","","","","","","","","","","","","","","","","","300","13","55","7","12","123","ESE","116","http://cdn.worldweatheronline.com/images/wsymbols01_png_64/wsymbol_0004_black_low_cloud.png","Partly cloudy","0.0","0.0","84","10","6","1019","31","2","13","55","10","50","12","53","16","25","12","53","1"
"","","","","","","","","","","","","","","","","","","600","14","57","8","13","120","ESE","119","http://cdn.worldweatheronline.com/images/wsymbols01_png_64/wsymbol_0003_white_cloud.png","Cloudy","0.0","0.0","85","10","6","1019","31","30","14","57","11","52","13","55","14","23","13","55","1"
"","","","","","","","","","","","","","","","","","","900","19","67","7","11","122","ESE","116","http://cdn.worldweatheronline.com/images/wsymbols01_png_64/wsymbol_0002_sunny_intervals.png","Partly cloudy","0.0","0.0","67","10","6","1019","31","54","19","67","12","54","19","67","9","14","19","67","5"
"","","","","","","","","","","","","","","","","","","1200","25","78","6","10","144","SE","116","http://cdn.worldweatheronline.com/images/wsymbols01_png_64/wsymbol_0002_sunny_intervals.png","Partly cloudy","0.0","0.0","39","10","6","1018","31","18","26","78","10","51","25","78","7","11","26","78","7"
"","","","","","","","","","","","","","","","","","","1500","26","78","7","12","166","SSE","116","http://cdn.worldweatheronline.com/images/wsymbols01_png_64/wsymbol_0002_sunny_intervals.png","Partly cloudy","0.0","0.0","35","10","6","1017","30","28","26","78","9","49","26","78","9","15","26","78","7"
"","","","","","","","","","","","","","","","","","","1800","23","73","9","14","161","SSE","116","http://cdn.worldweatheronline.com/images/wsymbols01_png_64/wsymbol_0004_black_low_cloud.png","Partly cloudy","0.0","0.0","49","10","6","1016","30","22","24","76","10","50","23","73","15","24","24","76","1"
"","","","","","","","","","","","","","","","","","","2100","20","68","8","13","142","SE","116","http://cdn.worldweatheronline.com/images/wsymbols01_png_64/wsymbol_0004_black_low_cloud.png","Partly cloudy","0.0","0.0","70","10","6","1016","30","20","23","73","11","52","20","68","17","27","20","68","1"
"","","2019-03-23","06:50 AM","06:52 PM","08:49 PM","09:13 AM","Waxing Gibbous","81","34","92","14","57","29","83","0.0","11.6","7","0","17","62","7","12","122","ESE","116","http://cdn.worldweatheronline.com/images/wsymbols01_png_64/wsymbol_0004_black_low_cloud.png","Partly cloudy","0.0","0.0","80","10","6","1016","30","11","19","65","11","52","16","61","15","25","16","61","1"
"","","","","","","","","","","","","","","","","","","300","14","57","7","11","109","ESE","116","http://cdn.worldweatheronline.com/images/wsymbols01_png_64/wsymbol_0004_black_low_cloud.png","Partly cloudy","0.0","0.0","83","10","6","1015","30","6","14","57","11","52","13","56","14","22","13","56","1"
"","","","","","","","","","","","","","","","","","","600","16","61","6","9","96","E","116","http://cdn.worldweatheronline.com/images/wsymbols01_png_64/wsymbol_0004_black_low_cloud.png","Partly cloudy","0.0","0.0","73","10","6","1013","30","4","16","61","11","52","16","61","12","19","16","61","1"
"","","","","","","","","","","","","","","","","","","900","24","75","4","6","96","E","116","http://cdn.worldweatheronline.com/images/wsymbols01_png_64/wsymbol_0002_sunny_intervals.png","Partly cloudy","0.0","0.0","49","10","6","1013","30","13","23","74","11","52","24","75","7","11","23","74","6"
"","","","","","","","","","","","","","","","","","","1200","32","90","2","4","153","SSE","116","http://cdn.worldweatheronline.com/images/wsymbols01_png_64/wsymbol_0002_sunny_intervals.png","Partly cloudy","0.0","0.0","21","10","6","1012","30","24","30","86","7","45","32","90","3","5","30","86","8"
"","","","","","","","","","","","","","","","","","","1500","32","90","6","10","235","SW","116","http://cdn.worldweatheronline.com/images/wsymbols01_png_64/wsymbol_0002_sunny_intervals.png","Partly cloudy","0.0","0.0","19","10","6","1010","30","5","30","86","5","42","32","90","8","13","30","86","8"
"","","","","","","","","","","","","","","","","","","1800","28","83","6","9","203","SSW","116","http://cdn.worldweatheronline.com/images/wsymbols01_png_64/wsymbol_0004_black_low_cloud.png","Partly cloudy","0.0","0.0","32","10","6","1010","30","5","28","82","8","46","28","83","10","15","28","82","1"
"","","","","","","","","","","","","","","","","","","2100","26","79","4","6","165","SSE","116","http://cdn.worldweatheronline.com/images/wsymbols01_png_64/wsymbol_0004_black_low_cloud.png","Partly cloudy","0.0","0.0","53","10","6","1011","30","6","28","83","11","51","26","79","9","14","28","83","1"
"","","2019-03-24","06:50 AM","06:51 PM","09:28 PM","10:18 AM","Waning Gibbous","74","29","83","18","64","26","78","0.0","11.6","7","0","23","73","4","7","149","SSE","116","http://cdn.worldweatheronline.com/images/wsymbols01_png_64/wsymbol_0004_black_low_cloud.png","Partly cloudy","0.0","0.0","62","10","6","1011","30","14","24","75","12","53","23","73","9","14","24","75","1"
"","","","","","","","","","","","","","","","","","","300","18","64","4","6","149","SSE","116","http://cdn.worldweatheronline.com/images/wsymbols01_png_64/wsymbol_0004_black_low_cloud.png","Partly cloudy","0.0","0.0","70","10","6","1011","30","28","18","64","12","54","18","64","8","13","18","64","1"
"","","","","","","","","","","","","","","","","","","600","19","66","3","5","147","SSE","116","http://cdn.worldweatheronline.com/images/wsymbols01_png_64/wsymbol_0004_black_low_cloud.png","Partly cloudy","0.0","0.0","73","10","6","1011","30","13","20","68","14","57","19","66","5","8","19","66","1"
"","","","","","","","","","","","","","","","","","","900","24","74","4","6","163","SSE","113","http://cdn.worldweatheronline.com/images/wsymbols01_png_64/wsymbol_0001_sunny.png","Sunny","0.0","0.0","61","10","6","1012","30","4","26","78","16","60","24","74","4","7","26","78","6"
"","","","","","","","","","","","","","","","","","","1200","28","82","6","10","198","SSW","113","http://cdn.worldweatheronline.com/images/wsymbols01_png_64/wsymbol_0001_sunny.png","Sunny","0.0","0.0","47","10","6","1013","30","0","28","83","16","60","28","82","8","12","28","83","7"
"","","","","","","","","","","","","","","","","","","1500","27","81","9","15","190","S","116","http://cdn.worldweatheronline.com/images/wsymbols01_png_64/wsymbol_0002_sunny_intervals.png","Partly cloudy","0.0","0.0","51","10","6","1013","30","0","28","82","16","61","27","81","11","18","28","82","7"
"","","","","","","","","","","","","","","","","","","1800","24","74","10","15","178","S","116","http://cdn.worldweatheronline.com/images/wsymbols01_png_64/wsymbol_0004_black_low_cloud.png","Partly cloudy","0.0","0.0","67","10","6","1014","30","7","26","78","16","61","24","74","15","23","26","78","1"
"","","","","","","","","","","","","","","","","","","2100","20","68","9","14","164","SSE","116","http://cdn.worldweatheronline.com/images/wsymbols01_png_64/wsymbol_0004_black_low_cloud.png","Partly cloudy","0.0","0.0","87","10","6","1015","30","21","23","73","16","60","20","68","17","27","20","68","1"
"","","2019-03-25","06:51 AM","06:49 PM","10:09 PM","11:22 AM","Waning Gibbous","66","22","71","14","57","20","69","0.0","11.6","6","0","18","64","8","12","158","SSE","116","http://cdn.worldweatheronline.com/images/wsymbols01_png_64/wsymbol_0004_black_low_cloud.png","Partly cloudy","0.0","0.0","90","10","6","1016","30","27","18","64","16","61","18","64","14","22","18","64","1"
"","","","","","","","","","","","","","","","","","","300","17","63","8","12","156","SSE","116","http://cdn.worldweatheronline.com/images/wsymbols01_png_64/wsymbol_0004_black_low_cloud.png","Partly cloudy","0.0","0.0","90","10","6","1017","31","29","17","63","16","60","17","62","13","21","17","62","1"
"","","","","","","","","","","","","","","","","","","600","16","61","8","13","157","SSE","116","http://cdn.worldweatheronline.com/images/wsymbols01_png_64/wsymbol_0004_black_low_cloud.png","Partly cloudy","0.0","0.0","89","10","6","1018","31","38","16","61","14","58","16","60","14","22","16","60","1"
"","","","","","","","","","","","","","","","","","","900","19","67","10","15","159","SSE","116","http://cdn.worldweatheronline.com/images/wsymbols01_png_64/wsymbol_0002_sunny_intervals.png","Partly cloudy","0.0","0.0","76","10","6","1020","31","35","20","69","15","58","19","67","11","18","19","67","5"
"","","","","","","","","","","","","","","","","","","1200","21","71","11","18","160","SSE","176","http://cdn.worldweatheronline.com/images/wsymbols01_png_64/wsymbol_0009_light_rain_showers.png","Patchy rain possible","0.0","0.0","60","10","6","1020","31","39","24","76","13","56","21","71","13","21","21","71","5"
"","","","","","","","","","","","","","","","","","","1500","21","70","12","19","161","SSE","116","http://cdn.worldweatheronline.com/images/wsymbols01_png_64/wsymbol_0002_sunny_intervals.png","Partly cloudy","0.1","0.0","58","10","6","1020","31","49","23","74","13","55","21","70","14","22","21","70","6"
"","","","","","","","","","","","","","","","","","","1800","19","67","11","18","153","SSE","116","http://cdn.worldweatheronline.com/images/wsymbols01_png_64/wsymbol_0004_black_low_cloud.png","Partly cloudy","0.0","0.0","65","10","6","1020","31","5","20","68","12","54","19","67","15","23","19","67","1"
"","","","","","","","","","","","","","","","","","","2100","16","60","10","16","144","SE","116","http://cdn.worldweatheronline.com/images/wsymbols01_png_64/wsymbol_0004_black_low_cloud.png","Partly cloudy","0.0","0.0","79","10","6","1020","31","18","17","63","11","53","15","60","16","26","15","60","1"
"","","2019-03-26","06:52 AM","06:48 PM","10:53 PM","12:23 PM","Waning Gibbous","59","26","79","12","54","22","71","0.0","11.6","6","0","14","57","9","15","136","SE","116","http://cdn.worldweatheronline.com/images/wsymbols01_png_64/wsymbol_0004_black_low_cloud.png","Partly cloudy","0.0","0.0","83","10","6","1021","31","22","14","57","11","51","13","55","16","25","13","55","1"
"","","","","","","","","","","","","","","","","","","300","13","55","9","14","129","SE","116","http://cdn.worldweatheronline.com/images/wsymbols01_png_64/wsymbol_0004_black_low_cloud.png","Partly cloudy","0.0","0.0","84","10","6","1021","31","8","13","55","10","50","12","53","16","26","12","53","1"
"","","","","","","","","","","","","","","","","","","600","13","56","9","14","123","ESE","116","http://cdn.worldweatheronline.com/images/wsymbols01_png_64/wsymbol_0004_black_low_cloud.png","Partly cloudy","0.0","0.0","80","10","6","1020","31","9","13","56","10","50","12","54","15","24","12","54","1"
"","","","","","","","","","","","","","","","","","","900","18","64","8","13","118","ESE","116","http://cdn.worldweatheronline.com/images/wsymbols01_png_64/wsymbol_0002_sunny_intervals.png","Partly cloudy","0.0","0.0","64","10","6","1020","31","8","19","65","11","51","18","64","9","15","18","64","5"
"","","","","","","","","","","","","","","","","","","1200","24","75","7","12","128","SE","116","http://cdn.worldweatheronline.com/images/wsymbols01_png_64/wsymbol_0002_sunny_intervals.png","Partly cloudy","0.0","0.0","39","10","6","1020","31","8","25","76","9","48","24","75","9","14","25","76","6"
"","","","","","","","","","","","","","","","","","","1500","25","77","8","13","140","SE","116","http://cdn.worldweatheronline.com/images/wsymbols01_png_64/wsymbol_0002_sunny_intervals.png","Partly cloudy","0.0","0.0","34","10","6","1019","31","7","25","77","8","46","25","77","10","17","25","77","7"
"","","","","","","","","","","","","","","","","","","1800","22","71","8","13","133","SE","116","http://cdn.worldweatheronline.com/images/wsymbols01_png_64/wsymbol_0004_black_low_cloud.png","Partly cloudy","0.0","0.0","44","10","6","1018","31","20","24","75","8","47","22","71","14","23","22","71","1"
"","","","","","","","","","","","","","","","","","","2100","19","65","7","11","113","ESE","116","http://cdn.worldweatheronline.com/images/wsymbols01_png_64/wsymbol_0004_black_low_cloud.png","Partly cloudy","0.0","0.0","60","10","6","1017","31","30","21","70","9","49","19","65","14","23","19","65","1"
"","","2019-03-27","06:53 AM","06:47 PM","11:40 PM","01:20 PM","Last Quarter","52","28","82","15","58","25","77","0.0","11.6","6","0","16","60","6","9","95","E","116","http://cdn.worldweatheronline.com/images/wsymbols01_png_64/wsymbol_0004_black_low_cloud.png","Partly cloudy","0.0","0.0","68","10","6","1016","30","19","16","60","10","49","16","60","12","19","16","60","1"
"","","","","","","","","","","","","","","","","","","300","15","59","5","8","80","E","116","http://cdn.worldweatheronline.com/images/wsymbols01_png_64/wsymbol_0004_black_low_cloud.png","Partly cloudy","0.0","0.0","68","10","6","1015","30","34","15","59","9","48","15","58","10","16","15","58","1"
"","","","","","","","","","","","","","","","","","","600","17","62","4","6","52","NE","116","http://cdn.worldweatheronline.com/images/wsymbols01_png_64/wsymbol_0004_black_low_cloud.png","Partly cloudy","0.0","0.0","58","10","6","1014","30","11","17","62","8","47","17","62","7","12","17","62","1"
"","","","","","","","","","","","","","","","","","","900","23","74","4","6","115","ESE","116","http://cdn.worldweatheronline.com/images/wsymbols01_png_64/wsymbol_0002_sunny_intervals.png","Partly cloudy","0.0","0.0","41","10","6","1015","30","5","23","73","9","47","23","74","5","9","23","73","6"
"","","","","","","","","","","","","","","","","","","1200","27","81","7","12","294","WNW","116","http://cdn.worldweatheronline.com/images/wsymbols01_png_64/wsymbol_0002_sunny_intervals.png","Partly cloudy","0.0","0.0","25","10","6","1015","30","3","26","79","6","43","27","81","8","13","26","79","7"
"","","","","","","","","","","","","","","","","","","1500","26","79","8","13","270","W","116","http://cdn.worldweatheronline.com/images/wsymbols01_png_64/wsymbol_0002_sunny_intervals.png","Partly cloudy","0.0","0.0","27","10","6","1015","30","4","25","78","5","42","26","79","10","16","25","78","7"
"","","","","","","","","","","","","","","","","","","1800","23","73","6","9","231","SW","116","http://cdn.worldweatheronline.com/images/wsymbols01_png_64/wsymbol_0004_black_low_cloud.png","Partly cloudy","0.0","0.0","48","10","6","1016","30","4","24","76","9","48","23","73","9","15","24","76","1"
"","","","","","","","","","","","","","","","","","","2100","21","69","4","6","186","S","116","http://cdn.worldweatheronline.com/images/wsymbols01_png_64/wsymbol_0004_black_low_cloud.png","Partly cloudy","0.0","0.0","79","10","6","1018","31","4","24","75","12","54","21","69","8","12","21","69","1"
"","","2019-03-28","06:54 AM","06:45 PM","No moonrise","02:12 PM","Last Quarter","45","27","80","13","56","23","74","0.0","11.6","6","0","18","64","2","4","152","SSE","116","http://cdn.worldweatheronline.com/images/wsymbols01_png_64/wsymbol_0004_black_low_cloud.png","Partly cloudy","0.0","0.0","86","10","6","1019","31","7","20","67","12","54","18","64","5","8","18","64","1"
"","","","","","","","","","","","","","","","","","","300","14","57","1","1","195","SSW","116","http://cdn.worldweatheronline.com/images/wsymbols01_png_64/wsymbol_0004_black_low_cloud.png","Partly cloudy","0.0","0.0","87","13","8","1018","31","10","14","57","12","53","14","57","1","2","14","57","1"
"","","","","","","","","","","","","","","","","","","600","15","59","1","1","333","NNW","116","http://cdn.worldweatheronline.com/images/wsymbols01_png_64/wsymbol_0004_black_low_cloud.png","Partly cloudy","0.0","0.0","85","20","12","1018","31","7","15","59","12","54","15","59","2","3","15","59","1"
"","","","","","","","","","","","","","","","","","","900","20","68","2","4","337","NNW","116","http://cdn.worldweatheronline.com/images/wsymbols01_png_64/wsymbol_0002_sunny_intervals.png","Partly cloudy","0.0","0.0","67","20","12","1019","31","7","21","69","13","56","20","68","3","4","20","68","6"
"","","","","","","","","","","","","","","","","","","1200","25","77","6","10","289","WNW","116","http://cdn.worldweatheronline.com/images/wsymbols01_png_64/wsymbol_0002_sunny_intervals.png","Partly cloudy","0.0","0.0","42","20","12","1019","31","5","26","78","11","52","25","77","7","12","26","78","7"
"","","","","","","","","","","","","","","","","","","1500","26","79","7","12","260","W","116","http://cdn.worldweatheronline.com/images/wsymbols01_png_64/wsymbol_0002_sunny_intervals.png","Partly cloudy","0.0","0.0","45","20","12","1018","31","8","27","80","13","56","26","79","9","14","27","80","7"
"","","","","","","","","","","","","","","","","","","1800","24","75","6","10","243","WSW","116","http://cdn.worldweatheronline.com/images/wsymbols01_png_64/wsymbol_0004_black_low_cloud.png","Partly cloudy","0.0","0.0","64","20","12","1018","31","9","25","77","15","60","24","75","7","12","25","77","1"
"","","","","","","","","","","","","","","","","","","2100","20","67","3","5","214","SW","116","http://cdn.worldweatheronline.com/images/wsymbols01_png_64/wsymbol_0004_black_low_cloud.png","Partly cloudy","0.0","0.0","87","19","11","1019","31","12","21","70","16","61","20","67","5","8","20","67","1"
"","","2019-03-29","06:54 AM","06:44 PM","12:29 AM","03:00 PM","Last Quarter","37","28","83","16","60","24","76","0.0","11.6","6","0","17","62","3","5","164","SSE","116","http://cdn.worldweatheronline.com/images/wsymbols01_png_64/wsymbol_0004_black_low_cloud.png","Partly cloudy","0.0","0.0","92","19","11","1019","31","24","17","62","16","60","17","62","6","9","17","62","1"
"","","","","","","","","","","","","","","","","","","300","16","61","4","6","139","SE","116","http://cdn.worldweatheronline.com/images/wsymbols01_png_64/wsymbol_0004_black_low_cloud.png","Partly cloudy","0.0","0.0","94","20","12","1018","31","35","16","61","15","59","16","61","7","12","16","61","1"
"","","","","","","","","","","","","","","","","","","600","17","62","4","6","127","SE","116","http://cdn.worldweatheronline.com/images/wsymbols01_png_64/wsymbol_0004_black_low_cloud.png","Partly cloudy","0.0","0.0","91","19","11","1017","31","30","17","62","15","60","17","62","7","11","17","62","1"
"","","","","","","","","","","","","","","","","","","900","21","69","4","6","166","SSE","113","http://cdn.worldweatheronline.com/images/wsymbols01_png_64/wsymbol_0001_sunny.png","Sunny","0.0","0.0","73","20","12","1017","30","15","21","70","15","60","21","69","5","8","21","69","6"
"","","","","","","","","","","","","","","","","","","1200","27","80","5","8","283","WNW","113","http://cdn.worldweatheronline.com/images/wsymbols01_png_64/wsymbol_0001_sunny.png","Sunny","0.0","0.0","45","20","12","1016","30","0","27","81","14","57","27","80","6","10","27","81","7"
"","","","","","","","","","","","","","","","","","","1500","27","80","8","13","273","W","113","http://cdn.worldweatheronline.com/images/wsymbols01_png_64/wsymbol_0001_sunny.png","Sunny","0.0","0.0","41","20","12","1015","30","0","27","80","12","54","27","80","9","15","27","80","7"
"","","","","","","","","","","","","","","","","","","1800","23","73","7","12","270","W","113","http://cdn.worldweatheronline.com/images/wsymbols01_png_64/wsymbol_0008_clear_sky_night.png","Clear","0.0","0.0","59","20","12","1015","30","0","25","76","13","55","23","73","9","15","25","76","1"
"","","","","","","","","","","","","","","","","","","2100","19","67","4","6","243","WSW","116","http://cdn.worldweatheronline.com/images/wsymbols01_png_64/wsymbol_0004_black_low_cloud.png","Partly cloudy","0.0","0.0","84","20","12","1017","31","3","21","71","14","58","19","67","6","10","19","67","1"
"","","2019-03-30","06:55 AM","06:43 PM","01:22 AM","03:44 PM","Last Quarter","30","26","79","16","60","23","74","0.0","11.6","6","0","17","62","3","4","173","S","116","http://cdn.worldweatheronline.com/images/wsymbols01_png_64/wsymbol_0004_black_low_cloud.png","Partly cloudy","0.0","0.0","89","20","12","1017","31","7","17","62","15","59","17","62","4","6","17","62","1"
"","","","","","","","","","","","","","","","","","","300","16","62","4","6","129","SE","113","http://cdn.worldweatheronline.com/images/wsymbols01_png_64/wsymbol_0008_clear_sky_night.png","Clear","0.0","0.0","88","20","12","1016","30","1","16","62","15","58","16","62","7","11","16","62","1"
"","","","","","","","","","","","","","","","","","","600","16","61","5","8","133","SE","113","http://cdn.worldweatheronline.com/images/wsymbols01_png_64/wsymbol_0008_clear_sky_night.png","Clear","0.0","0.0","85","20","12","1016","30","0","16","61","14","56","16","61","8","13","16","61","1"
"","","","","","","","","","","","","","","","","","","900","21","69","5","9","151","SSE","113","http://cdn.worldweatheronline.com/images/wsymbols01_png_64/wsymbol_0001_sunny.png","Sunny","0.0","0.0","69","19","11","1017","31","0","21","69","14","57","21","69","6","10","21","69","6"
"","","","","","","","","","","","","","","","","","","1200","25","78","7","11","191","SSW","116","http://cdn.worldweatheronline.com/images/wsymbols01_png_64/wsymbol_0002_sunny_intervals.png","Partly cloudy","0.0","0.0","45","20","12","1018","31","1","26","79","13","55","25","78","8","12","26","79","7"
"","","","","","","","","","","","","","","","","","","1500","25","77","8","13","200","SSW","116","http://cdn.worldweatheronline.com/images/wsymbols01_png_64/wsymbol_0002_sunny_intervals.png","Partly cloudy","0.0","0.0","45","20","12","1016","30","2","26","79","12","54","25","77","10","16","26","79","7"
"","","","","","","","","","","","","","","","","","","1800","22","71","8","13","191","SSW","116","http://cdn.worldweatheronline.com/images/wsymbols01_png_64/wsymbol_0004_black_low_cloud.png","Partly cloudy","0.0","0.0","65","20","12","1016","30","4","24","75","13","56","22","71","13","21","22","71","1"
"","","","","","","","","","","","","","","","","","","2100","19","66","6","10","168","SSE","116","http://cdn.worldweatheronline.com/images/wsymbols01_png_64/wsymbol_0004_black_low_cloud.png","Partly cloudy","0.0","0.0","88","20","12","1016","30","12","20","68","14","57","19","66","13","21","19","66","1"
"","","2019-03-31","06:56 AM","06:41 PM","02:15 AM","04:22 PM","Waning Crescent","26","22","72","13","55","20","67","0.0","11.6","5","0","16","60","6","9","162","SSE","116","http://cdn.worldweatheronline.com/images/wsymbols01_png_64/wsymbol_0004_black_low_cloud.png","Partly cloudy","0.0","0.0","91","20","12","1017","30","31","16","60","14","57","16","60","11","18","16","60","1"
"","","","","","","","","","","","","","","","","","","300","15","59","3","5","167","SSE","116","http://cdn.worldweatheronline.com/images/wsymbols01_png_64/wsymbol_0004_black_low_cloud.png","Partly cloudy","0.0","0.0","92","10","6","1018","31","35","15","59","14","56","15","59","6","10","15","59","1"
"","","","","","","","","","","","","","","","","","","600","16","60","4","7","176","S","116","http://cdn.worldweatheronline.com/images/wsymbols01_png_64/wsymbol_0004_black_low_cloud.png","Partly cloudy","0.0","0.0","85","10","6","1017","31","27","16","60","13","56","16","60","6","9","16","60","1"
"","","","","","","","","","","","","","","","","","","900","18","65","5","8","192","SSW","116","http://cdn.worldweatheronline.com/images/wsymbols01_png_64/wsymbol_0002_sunny_intervals.png","Partly cloudy","0.0","0.0","71","10","6","1017","31","11","19","67","12","54","18","65","5","9","18","65","5"
"","","","","","","","","","","","","","","","","","","1200","21","71","7","11","231","SW","116","http://cdn.worldweatheronline.com/images/wsymbols01_png_64/wsymbol_0002_sunny_intervals.png","Partly cloudy","0.0","0.0","49","10","6","1016","30","8","24","76","10","50","21","71","8","13","21","71","6"
"","","","","","","","","","","","","","","","","","","1500","20","68","9","14","244","WSW","116","http://cdn.worldweatheronline.com/images/wsymbols01_png_64/wsymbol_0002_sunny_intervals.png","Partly cloudy","0.0","0.0","48","10","6","1015","30","16","22","71","9","47","20","68","11","18","20","68","6"
"","","","","","","","","","","","","","","","","","","1800","15","60","7","12","264","W","116","http://cdn.worldweatheronline.com/images/wsymbols01_png_64/wsymbol_0004_black_low_cloud.png","Partly cloudy","0.0","0.0","60","10","6","1016","30","17","15","60","8","46","15","60","12","19","15","60","1"
"","","","","","","","","","","","","","","","","","","2100","12","53","4","6","275","W","266","http://cdn.worldweatheronline.com/images/wsymbols01_png_64/wsymbol_0033_cloudy_with_light_rain_night.png","Light drizzle","0.1","0.0","76","7","4","1017","31","38","13","55","9","47","11","53","7","12","11","53","1"
